version,window,roundtrip_cost,completed_trades,ending_equity,net_return,max_drawdown,first_200_touch,first_500_touch,open_at_end
v3,2017-2021,0.001,50,87.14278760000037,-0.1285721239999963,-0.2604827905649253,,,True
v3,2017-2021,0.002,50,84.95747520000039,-0.15042524799999613,-0.2740220887085427,,,True
v3,2017-2021,0.005,47,69.84181300000043,-0.3015818699999957,-0.3582981228557779,,,True
v3,2022-2024,0.001,30,112.65920400000033,0.12659204000000335,-0.23193140601508722,,,False
v3,2022-2024,0.002,30,112.04466800000029,0.1204466800000028,-0.22596125419957036,,,False
v3,2022-2024,0.005,30,107.96232000000025,0.07962320000000256,-0.22762608613813007,,,False
v3,2025-2026,0.001,19,106.21965100000011,0.06219651000000104,-0.12469513297665569,,,True
v3,2025-2026,0.002,19,104.84130200000016,0.04841302000000147,-0.1349919209057635,,,True
v3,2025-2026,0.005,19,100.70625500000013,0.007062550000001222,-0.16599448833885577,,,True
v4,2017-2021,0.001,50,88.48772305000028,-0.11512276949999711,-0.26593725958286585,,,True
v4,2017-2021,0.002,50,84.99348410000047,-0.15006515899999529,-0.2874468195659602,,,True
v4,2017-2021,0.005,50,79.14526525000042,-0.20854734749999582,-0.31603758285869366,,,True
v4,2022-2024,0.001,30,110.8763355000003,0.10876335500000289,-0.23733206102836402,,,False
v4,2022-2024,0.002,30,108.53367100000033,0.08533671000000331,-0.24523770724082672,,,False
v4,2022-2024,0.005,30,106.33010250000028,0.06330102500000279,-0.22803856729372973,,,False
v4,2025-2026,0.001,19,106.21965100000011,0.06219651000000104,-0.12469513297665569,,,True
v4,2025-2026,0.002,19,104.84130200000016,0.04841302000000147,-0.1349919209057635,,,True
v4,2025-2026,0.005,19,100.70625500000013,0.007062550000001222,-0.16599448833885577,,,True
